Population of origin of smell donor,Sex of smell donor,Habitat of origin of smell donor,Population of origin of tongue flicker,Sex of tongue flicker,Habitat of origin of tongue flicker,Number of tongue flicks/10min
Agios Fokas,Female,Mainland,Agios Fokas,Male,Mainland,40
Agios Fokas,Female,Mainland,Agios Fokas,Male,Mainland,137
Agios Fokas,Female,Mainland,Agios Fokas,Male,Mainland,141
Agios Fokas,Female,Mainland,Agios Fokas,Male,Mainland,173
Agios Fokas,Female,Mainland,Agios Fokas,Male,Mainland,41
Agios Fokas,Female,Mainland,Agios Fokas,Male,Mainland,73
Agios Fokas,Female,Mainland,Agios Fokas,Male,Mainland,115
Agios Fokas,Female,Mainland,Agios Fokas,Male,Mainland,103
Agios Fokas,Female,Mainland,Agios Fokas,Male,Mainland,119
Agios Fokas,Female,Mainland,Agios Fokas,Male,Mainland,92
Agios Fokas,Female,Mainland,Agios Fokas,Male,Mainland,74
Agios Fokas,Female,Mainland,Agios Fokas,Male,Mainland,118
Agios Fokas,Female,Mainland,Agios Fokas,Male,Mainland,135
Agios Fokas,Female,Mainland,Agios Fokas,Male,Mainland,9
Agios Fokas,Female,Mainland,Agios Fokas,Male,Mainland,90
Agios Fokas,Female,Mainland,Agios Fokas,Male,Mainland,46
Agios Fokas,Female,Mainland,Agios Fokas,Male,Mainland,163
Agios Fokas,Female,Mainland,Agios Fokas,Male,Mainland,40
Agios Fokas,Female,Mainland,Agios Fokas,Male,Mainland,9
Agios Fokas,Female,Mainland,Agios Fokas,Male,Mainland,144
Agios Fokas,Female,Mainland,Agios Fokas,Male,Mainland,284
Agios Fokas,Female,Mainland,Agios Fokas,Male,Mainland,288
Agios Fokas,Female,Mainland,Agios Fokas,Male,Mainland,176
Agios Fokas,Female,Mainland,Agios Fokas,Male,Mainland,236
Agios Fokas,Female,Mainland,Agios Fokas,Male,Mainland,187
Agios Fokas,Female,Mainland,Agios Fokas,Male,Mainland,185
Agios Fokas,Female,Mainland,Agios Fokas,Male,Mainland,200
Agios Fokas,Female,Mainland,Agios Fokas,Male,Mainland,326
Agios Fokas,Female,Mainland,Agios Fokas,Male,Mainland,214
Agios Fokas,Female,Mainland,Agios Fokas,Male,Mainland,240
Agios Fokas,Female,Mainland,Agios Fokas,Male,Mainland,160
Agios Fokas,Male,Mainland,Agios Fokas,Female,Mainland,78
Agios Fokas,Male,Mainland,Agios Fokas,Female,Mainland,104
Agios Fokas,Male,Mainland,Agios Fokas,Female,Mainland,76
Agios Fokas,Male,Mainland,Agios Fokas,Female,Mainland,76
Agios Fokas,Male,Mainland,Agios Fokas,Female,Mainland,19
Agios Fokas,Male,Mainland,Agios Fokas,Female,Mainland,63
Agios Fokas,Male,Mainland,Agios Fokas,Female,Mainland,123
Agios Fokas,Male,Mainland,Agios Fokas,Female,Mainland,107
Agios Fokas,Male,Mainland,Agios Fokas,Female,Mainland,97
Agios Fokas,Male,Mainland,Agios Fokas,Female,Mainland,60
Agios Fokas,Male,Mainland,Agios Fokas,Female,Mainland,70
Agios Fokas,Male,Mainland,Agios Fokas,Female,Mainland,100
Agios Fokas,Male,Mainland,Agios Fokas,Female,Mainland,53
Agios Fokas,Male,Mainland,Agios Fokas,Female,Mainland,121
Agios Fokas,Male,Mainland,Agios Fokas,Female,Mainland,100
Agios Fokas,Male,Mainland,Agios Fokas,Female,Mainland,127
Agios Fokas,Male,Mainland,Agios Fokas,Female,Mainland,58
Agios Fokas,Male,Mainland,Agios Fokas,Female,Mainland,74
Agios Fokas,Male,Mainland,Agios Fokas,Female,Mainland,89
Agios Fokas,Male,Mainland,Agios Fokas,Female,Mainland,113
Agios Fokas,Male,Mainland,Agios Fokas,Female,Mainland,60
Agios Fokas,Male,Mainland,Agios Fokas,Female,Mainland,71
Agios Fokas,Male,Mainland,Agios Fokas,Female,Mainland,57
Agios Fokas,Male,Mainland,Agios Fokas,Female,Mainland,126
Agios Fokas,Male,Mainland,Agios Fokas,Female,Mainland,73
Agios Fokas,Male,Mainland,Agios Fokas,Female,Mainland,82
Agios Fokas,Male,Mainland,Agios Fokas,Female,Mainland,98
Agios Fokas,Male,Mainland,Agios Fokas,Female,Mainland,47
Agios Fokas,Male,Mainland,Agios Fokas,Female,Mainland,166
Agios Fokas,Male,Mainland,Agios Fokas,Female,Mainland,182
Agios Fokas,Male,Mainland,Agios Fokas,Female,Mainland,176
Agios Fokas,Male,Mainland,Agios Fokas,Female,Mainland,0
Agios Fokas,Male,Mainland,Agios Fokas,Female,Mainland,148
Agios Fokas,Male,Mainland,Agios Fokas,Female,Mainland,59
Agios Fokas,Male,Mainland,Agios Fokas,Female,Mainland,97
Agios Fokas,Female,Mainland,Mesa Diavates,Male,Island,49
Agios Fokas,Female,Mainland,Mesa Diavates,Male,Island,103
Agios Fokas,Female,Mainland,Mesa Diavates,Male,Island,41
Agios Fokas,Female,Mainland,Mesa Diavates,Male,Island,60
Agios Fokas,Female,Mainland,Mesa Diavates,Male,Island,88
Agios Fokas,Female,Mainland,Mesa Diavates,Male,Island,59
Agios Fokas,Female,Mainland,Mesa Diavates,Male,Island,55
Agios Fokas,Female,Mainland,Mesa Diavates,Male,Island,87
Agios Fokas,Female,Mainland,Mesa Diavates,Male,Island,71
Agios Fokas,Female,Mainland,Mesa Diavates,Male,Island,33
Agios Fokas,Female,Mainland,Mesa Diavates,Male,Island,119
Agios Fokas,Female,Mainland,Mesa Diavates,Male,Island,58
Agios Fokas,Female,Mainland,Mesa Diavates,Male,Island,243
Agios Fokas,Female,Mainland,Mesa Diavates,Male,Island,279
Agios Fokas,Female,Mainland,Mesa Diavates,Male,Island,276
Agios Fokas,Female,Mainland,Mesa Diavates,Male,Island,499
Agios Fokas,Female,Mainland,Mesa Diavates,Male,Island,239
Agios Fokas,Female,Mainland,Mesa Diavates,Male,Island,174
Agios Fokas,Female,Mainland,Mesa Diavates,Male,Island,201
Agios Fokas,Female,Mainland,Mesa Diavates,Male,Island,245
Agios Fokas,Female,Mainland,Mesa Diavates,Male,Island,267
Agios Fokas,Female,Mainland,Mesa Diavates,Male,Island,203
Agios Fokas,Female,Mainland,Mesa Diavates,Male,Island,188
Agios Fokas,Female,Mainland,Mesa Diavates,Male,Island,175
Agios Fokas,Male,Mainland,Mesa Diavates,Female,Island,72
Agios Fokas,Male,Mainland,Mesa Diavates,Female,Island,35
Agios Fokas,Male,Mainland,Mesa Diavates,Female,Island,36
Agios Fokas,Male,Mainland,Mesa Diavates,Female,Island,52
Agios Fokas,Male,Mainland,Mesa Diavates,Female,Island,78
Agios Fokas,Male,Mainland,Mesa Diavates,Female,Island,84
Agios Fokas,Male,Mainland,Mesa Diavates,Female,Island,56
Agios Fokas,Male,Mainland,Mesa Diavates,Female,Island,23
Agios Fokas,Male,Mainland,Mesa Diavates,Female,Island,42
Agios Fokas,Male,Mainland,Mesa Diavates,Female,Island,38
Agios Fokas,Male,Mainland,Mesa Diavates,Female,Island,76
Agios Fokas,Male,Mainland,Mesa Diavates,Female,Island,121
Agios Fokas,Male,Mainland,Mesa Diavates,Female,Island,64
Agios Fokas,Male,Mainland,Mesa Diavates,Female,Island,42
Agios Fokas,Male,Mainland,Mesa Diavates,Female,Island,53
Agios Fokas,Male,Mainland,Mesa Diavates,Female,Island,201
Agios Fokas,Male,Mainland,Mesa Diavates,Female,Island,108
Agios Fokas,Male,Mainland,Mesa Diavates,Female,Island,186
Agios Fokas,Male,Mainland,Mesa Diavates,Female,Island,157
Agios Fokas,Female,Mainland,Lakonisi,Male,Island,95
Agios Fokas,Female,Mainland,Lakonisi,Male,Island,76
Agios Fokas,Female,Mainland,Lakonisi,Male,Island,102
Agios Fokas,Female,Mainland,Lakonisi,Male,Island,103
Agios Fokas,Female,Mainland,Lakonisi,Male,Island,4
Agios Fokas,Female,Mainland,Lakonisi,Male,Island,70
Agios Fokas,Female,Mainland,Lakonisi,Male,Island,84
Agios Fokas,Female,Mainland,Lakonisi,Male,Island,114
Agios Fokas,Female,Mainland,Lakonisi,Male,Island,64
Agios Fokas,Female,Mainland,Lakonisi,Male,Island,31
Agios Fokas,Female,Mainland,Lakonisi,Male,Island,94
Agios Fokas,Female,Mainland,Lakonisi,Male,Island,330
Agios Fokas,Female,Mainland,Lakonisi,Male,Island,168
Agios Fokas,Female,Mainland,Lakonisi,Male,Island,153
Agios Fokas,Female,Mainland,Lakonisi,Male,Island,174
Agios Fokas,Female,Mainland,Lakonisi,Male,Island,304
Agios Fokas,Female,Mainland,Lakonisi,Male,Island,261
Agios Fokas,Female,Mainland,Lakonisi,Male,Island,110
Agios Fokas,Female,Mainland,Lakonisi,Male,Island,133
Agios Fokas,Female,Mainland,Lakonisi,Male,Island,142
Agios Fokas,Female,Mainland,Lakonisi,Male,Island,106
Agios Fokas,Female,Mainland,Lakonisi,Male,Island,95
Agios Fokas,Male,Mainland,Lakonisi,Female,Island,0
Agios Fokas,Male,Mainland,Lakonisi,Female,Island,88
Agios Fokas,Male,Mainland,Lakonisi,Female,Island,76
Agios Fokas,Male,Mainland,Lakonisi,Female,Island,72
Agios Fokas,Male,Mainland,Lakonisi,Female,Island,78
Agios Fokas,Male,Mainland,Lakonisi,Female,Island,72
Agios Fokas,Male,Mainland,Lakonisi,Female,Island,10
Agios Fokas,Male,Mainland,Lakonisi,Female,Island,49
Agios Fokas,Male,Mainland,Lakonisi,Female,Island,73
Agios Fokas,Male,Mainland,Lakonisi,Female,Island,70
Agios Fokas,Male,Mainland,Lakonisi,Female,Island,20
Agios Fokas,Male,Mainland,Lakonisi,Female,Island,63
Agios Fokas,Male,Mainland,Lakonisi,Female,Island,139
Agios Fokas,Male,Mainland,Lakonisi,Female,Island,173
Agios Fokas,Male,Mainland,Lakonisi,Female,Island,94
Agios Fokas,Male,Mainland,Lakonisi,Female,Island,98
Agios Fokas,Male,Mainland,Lakonisi,Female,Island,97
Agios Fokas,Male,Mainland,Lakonisi,Female,Island,78
Agios Fokas,Male,Mainland,Lakonisi,Female,Island,76
Agios Fokas,Male,Mainland,Lakonisi,Female,Island,93
Agios Fokas,Male,Mainland,Lakonisi,Female,Island,98
Agios Fokas,Male,Mainland,Lakonisi,Female,Island,83
Agios Fokas,Male,Mainland,Lakonisi,Female,Island,97
Agios Fokas,Male,Mainland,Lakonisi,Female,Island,119
Agios Fokas,Female,Mainland,Nyfi,Male,Mainland,116
Agios Fokas,Female,Mainland,Nyfi,Male,Mainland,123
Agios Fokas,Female,Mainland,Nyfi,Male,Mainland,71
Agios Fokas,Female,Mainland,Nyfi,Male,Mainland,66
Agios Fokas,Female,Mainland,Nyfi,Male,Mainland,72
Agios Fokas,Female,Mainland,Nyfi,Male,Mainland,138
Agios Fokas,Female,Mainland,Nyfi,Male,Mainland,103
Agios Fokas,Female,Mainland,Nyfi,Male,Mainland,145
Agios Fokas,Female,Mainland,Nyfi,Male,Mainland,54
Agios Fokas,Female,Mainland,Nyfi,Male,Mainland,103
Agios Fokas,Female,Mainland,Nyfi,Male,Mainland,90
Agios Fokas,Female,Mainland,Nyfi,Male,Mainland,78
Agios Fokas,Female,Mainland,Nyfi,Male,Mainland,156
Agios Fokas,Female,Mainland,Nyfi,Male,Mainland,162
Agios Fokas,Female,Mainland,Nyfi,Male,Mainland,82
Agios Fokas,Female,Mainland,Nyfi,Male,Mainland,55
Agios Fokas,Female,Mainland,Nyfi,Male,Mainland,110
Agios Fokas,Female,Mainland,Nyfi,Male,Mainland,60
Agios Fokas,Female,Mainland,Nyfi,Male,Mainland,54
Agios Fokas,Female,Mainland,Nyfi,Male,Mainland,297
Agios Fokas,Female,Mainland,Nyfi,Male,Mainland,259
Agios Fokas,Female,Mainland,Nyfi,Male,Mainland,165
Agios Fokas,Female,Mainland,Nyfi,Male,Mainland,434
Agios Fokas,Female,Mainland,Nyfi,Male,Mainland,234
Agios Fokas,Female,Mainland,Nyfi,Male,Mainland,4
Agios Fokas,Female,Mainland,Nyfi,Male,Mainland,120
Agios Fokas,Female,Mainland,Nyfi,Male,Mainland,56
Agios Fokas,Female,Mainland,Nyfi,Male,Mainland,144
Agios Fokas,Female,Mainland,Nyfi,Male,Mainland,103
Agios Fokas,Female,Mainland,Nyfi,Male,Mainland,85
Agios Fokas,Male,Mainland,Nyfi,Female,Mainland,61
Agios Fokas,Male,Mainland,Nyfi,Female,Mainland,65
Agios Fokas,Male,Mainland,Nyfi,Female,Mainland,45
Agios Fokas,Male,Mainland,Nyfi,Female,Mainland,44
Agios Fokas,Male,Mainland,Nyfi,Female,Mainland,54
Agios Fokas,Male,Mainland,Nyfi,Female,Mainland,84
Agios Fokas,Male,Mainland,Nyfi,Female,Mainland,23
Agios Fokas,Male,Mainland,Nyfi,Female,Mainland,94
Agios Fokas,Male,Mainland,Nyfi,Female,Mainland,53
Agios Fokas,Male,Mainland,Nyfi,Female,Mainland,63
Agios Fokas,Male,Mainland,Nyfi,Female,Mainland,64
Agios Fokas,Male,Mainland,Nyfi,Female,Mainland,177
Agios Fokas,Male,Mainland,Nyfi,Female,Mainland,88
Agios Fokas,Male,Mainland,Nyfi,Female,Mainland,153
Agios Fokas,Male,Mainland,Nyfi,Female,Mainland,91
Agios Fokas,Male,Mainland,Nyfi,Female,Mainland,204
Agios Fokas,Male,Mainland,Nyfi,Female,Mainland,158
Agios Fokas,Male,Mainland,Nyfi,Female,Mainland,112
Agios Fokas,Male,Mainland,Nyfi,Female,Mainland,92
Agios Fokas,Male,Mainland,Nyfi,Female,Mainland,86
Agios Fokas,Male,Mainland,Nyfi,Female,Mainland,49
Agios Fokas,Male,Mainland,Nyfi,Female,Mainland,244
Agios Fokas,Male,Mainland,Nyfi,Female,Mainland,52
Agios Fokas,Male,Mainland,Nyfi,Female,Mainland,98
Control,Control,Control,Agios Fokas,Female,Mainland,37
Control,Control,Control,Agios Fokas,Female,Mainland,20
Control,Control,Control,Agios Fokas,Female,Mainland,37
Control,Control,Control,Agios Fokas,Female,Mainland,32
Control,Control,Control,Agios Fokas,Female,Mainland,30
Control,Control,Control,Agios Fokas,Male,Mainland,32
Control,Control,Control,Agios Fokas,Male,Mainland,49
Control,Control,Control,Agios Fokas,Male,Mainland,37
Control,Control,Control,Agios Fokas,Male,Mainland,48
Control,Control,Control,Agios Fokas,Male,Mainland,42
Control,Control,Control,Mesa Diavates,Female,Island,58
Control,Control,Control,Mesa Diavates,Female,Island,27
Control,Control,Control,Mesa Diavates,Female,Island,46
Control,Control,Control,Mesa Diavates,Female,Island,67
Control,Control,Control,Mesa Diavates,Female,Island,28
Control,Control,Control,Mesa Diavates,Male,Island,86
Control,Control,Control,Mesa Diavates,Male,Island,67
Control,Control,Control,Mesa Diavates,Male,Island,21
Control,Control,Control,Mesa Diavates,Male,Island,75
Control,Control,Control,Mesa Diavates,Male,Island,70
Control,Control,Control,Lakonisi,Female,Island,183
Control,Control,Control,Lakonisi,Female,Island,77
Control,Control,Control,Lakonisi,Female,Island,129
Control,Control,Control,Lakonisi,Female,Island,36
Control,Control,Control,Lakonisi,Female,Island,65
Control,Control,Control,Lakonisi,Male,Island,153
Control,Control,Control,Lakonisi,Male,Island,129
Control,Control,Control,Lakonisi,Male,Island,82
Control,Control,Control,Lakonisi,Male,Island,24
Control,Control,Control,Lakonisi,Male,Island,76
Control,Control,Control,Nyfi,Female,Mainland,42
Control,Control,Control,Nyfi,Female,Mainland,30
Control,Control,Control,Nyfi,Female,Mainland,23
Control,Control,Control,Nyfi,Female,Mainland,31
Control,Control,Control,Nyfi,Male,Mainland,85
Control,Control,Control,Nyfi,Male,Mainland,33
Control,Control,Control,Nyfi,Male,Mainland,37
Control,Control,Control,Nyfi,Male,Mainland,70
Control,Control,Control,Nyfi,Male,Mainland,38
Control,Control,Control,Nyfi,Male,Mainland,56
Mesa Diavates,Female,Island,Agios Fokas,Male,Mainland,65
Mesa Diavates,Female,Island,Agios Fokas,Male,Mainland,27
Mesa Diavates,Female,Island,Agios Fokas,Male,Mainland,51
Mesa Diavates,Female,Island,Agios Fokas,Male,Mainland,107
Mesa Diavates,Female,Island,Agios Fokas,Male,Mainland,125
Mesa Diavates,Female,Island,Agios Fokas,Male,Mainland,109
Mesa Diavates,Female,Island,Agios Fokas,Male,Mainland,110
Mesa Diavates,Female,Island,Agios Fokas,Male,Mainland,87
Mesa Diavates,Female,Island,Agios Fokas,Male,Mainland,141
Mesa Diavates,Female,Island,Agios Fokas,Male,Mainland,138
Mesa Diavates,Female,Island,Agios Fokas,Male,Mainland,139
Mesa Diavates,Female,Island,Agios Fokas,Male,Mainland,116
Mesa Diavates,Female,Island,Agios Fokas,Male,Mainland,276
Mesa Diavates,Female,Island,Agios Fokas,Male,Mainland,88
Mesa Diavates,Female,Island,Agios Fokas,Male,Mainland,60
Mesa Diavates,Female,Island,Agios Fokas,Male,Mainland,142
Mesa Diavates,Female,Island,Agios Fokas,Male,Mainland,351
Mesa Diavates,Female,Island,Agios Fokas,Male,Mainland,164
Mesa Diavates,Female,Island,Agios Fokas,Male,Mainland,266
Mesa Diavates,Female,Island,Agios Fokas,Male,Mainland,214
Mesa Diavates,Female,Island,Agios Fokas,Male,Mainland,149
Mesa Diavates,Male,Island,Agios Fokas,Female,Mainland,69
Mesa Diavates,Male,Island,Agios Fokas,Female,Mainland,78
Mesa Diavates,Male,Island,Agios Fokas,Female,Mainland,62
Mesa Diavates,Male,Island,Agios Fokas,Female,Mainland,87
Mesa Diavates,Male,Island,Agios Fokas,Female,Mainland,80
Mesa Diavates,Male,Island,Agios Fokas,Female,Mainland,79
Mesa Diavates,Male,Island,Agios Fokas,Female,Mainland,86
Mesa Diavates,Male,Island,Agios Fokas,Female,Mainland,55
Mesa Diavates,Male,Island,Agios Fokas,Female,Mainland,74
Mesa Diavates,Male,Island,Agios Fokas,Female,Mainland,99
Mesa Diavates,Male,Island,Agios Fokas,Female,Mainland,69
Mesa Diavates,Male,Island,Agios Fokas,Female,Mainland,123
Mesa Diavates,Male,Island,Agios Fokas,Female,Mainland,74
Mesa Diavates,Male,Island,Agios Fokas,Female,Mainland,52
Mesa Diavates,Male,Island,Agios Fokas,Female,Mainland,112
Mesa Diavates,Male,Island,Agios Fokas,Female,Mainland,129
Mesa Diavates,Male,Island,Agios Fokas,Female,Mainland,0
Mesa Diavates,Male,Island,Agios Fokas,Female,Mainland,159
Mesa Diavates,Male,Island,Agios Fokas,Female,Mainland,144
Mesa Diavates,Male,Island,Agios Fokas,Female,Mainland,118
Mesa Diavates,Male,Island,Agios Fokas,Female,Mainland,123
Mesa Diavates,Male,Island,Agios Fokas,Female,Mainland,79
Mesa Diavates,Male,Island,Agios Fokas,Female,Mainland,108
Mesa Diavates,Male,Island,Agios Fokas,Female,Mainland,79
Mesa Diavates,Female,Island,Mesa Diavates,Male,Island,63
Mesa Diavates,Female,Island,Mesa Diavates,Male,Island,13
Mesa Diavates,Female,Island,Mesa Diavates,Male,Island,128
Mesa Diavates,Female,Island,Mesa Diavates,Male,Island,117
Mesa Diavates,Female,Island,Mesa Diavates,Male,Island,152
Mesa Diavates,Female,Island,Mesa Diavates,Male,Island,15
Mesa Diavates,Female,Island,Mesa Diavates,Male,Island,177
Mesa Diavates,Female,Island,Mesa Diavates,Male,Island,239
Mesa Diavates,Female,Island,Mesa Diavates,Male,Island,110
Mesa Diavates,Female,Island,Mesa Diavates,Male,Island,301
Mesa Diavates,Female,Island,Mesa Diavates,Male,Island,315
Mesa Diavates,Female,Island,Mesa Diavates,Male,Island,227
Mesa Diavates,Female,Island,Mesa Diavates,Male,Island,261
Mesa Diavates,Female,Island,Mesa Diavates,Male,Island,236
Mesa Diavates,Female,Island,Mesa Diavates,Male,Island,377
Mesa Diavates,Female,Island,Mesa Diavates,Male,Island,265
Mesa Diavates,Female,Island,Mesa Diavates,Male,Island,285
Mesa Diavates,Female,Island,Mesa Diavates,Male,Island,455
Mesa Diavates,Female,Island,Mesa Diavates,Male,Island,147
Mesa Diavates,Female,Island,Mesa Diavates,Male,Island,231
Mesa Diavates,Female,Island,Mesa Diavates,Male,Island,248
Mesa Diavates,Female,Island,Mesa Diavates,Male,Island,179
Mesa Diavates,Female,Island,Mesa Diavates,Male,Island,12
Mesa Diavates,Female,Island,Mesa Diavates,Male,Island,563
Mesa Diavates,Female,Island,Mesa Diavates,Male,Island,207
Mesa Diavates,Female,Island,Mesa Diavates,Male,Island,334
Mesa Diavates,Female,Island,Mesa Diavates,Male,Island,223
Mesa Diavates,Female,Island,Mesa Diavates,Male,Island,256
Mesa Diavates,Female,Island,Mesa Diavates,Male,Island,241
Mesa Diavates,Male,Island,Mesa Diavates,Female,Island,110
Mesa Diavates,Male,Island,Mesa Diavates,Female,Island,82
Mesa Diavates,Male,Island,Mesa Diavates,Female,Island,80
Mesa Diavates,Male,Island,Mesa Diavates,Female,Island,106
Mesa Diavates,Male,Island,Mesa Diavates,Female,Island,60
Mesa Diavates,Male,Island,Mesa Diavates,Female,Island,129
Mesa Diavates,Male,Island,Mesa Diavates,Female,Island,73
Mesa Diavates,Male,Island,Mesa Diavates,Female,Island,35
Mesa Diavates,Male,Island,Mesa Diavates,Female,Island,99
Mesa Diavates,Male,Island,Mesa Diavates,Female,Island,36
Mesa Diavates,Male,Island,Mesa Diavates,Female,Island,98
Mesa Diavates,Male,Island,Mesa Diavates,Female,Island,137
Mesa Diavates,Male,Island,Mesa Diavates,Female,Island,131
Mesa Diavates,Male,Island,Mesa Diavates,Female,Island,102
Mesa Diavates,Male,Island,Mesa Diavates,Female,Island,144
Mesa Diavates,Male,Island,Mesa Diavates,Female,Island,156
Mesa Diavates,Male,Island,Mesa Diavates,Female,Island,60
Mesa Diavates,Male,Island,Mesa Diavates,Female,Island,215
Mesa Diavates,Male,Island,Mesa Diavates,Female,Island,38
Mesa Diavates,Male,Island,Mesa Diavates,Female,Island,97
Mesa Diavates,Female,Island,Lakonisi,Male,Island,62
Mesa Diavates,Female,Island,Lakonisi,Male,Island,198
Mesa Diavates,Female,Island,Lakonisi,Male,Island,102
Mesa Diavates,Female,Island,Lakonisi,Male,Island,178
Mesa Diavates,Female,Island,Lakonisi,Male,Island,52
Mesa Diavates,Female,Island,Lakonisi,Male,Island,104
Mesa Diavates,Female,Island,Lakonisi,Male,Island,18
Mesa Diavates,Female,Island,Lakonisi,Male,Island,49
Mesa Diavates,Female,Island,Lakonisi,Male,Island,35
Mesa Diavates,Female,Island,Lakonisi,Male,Island,70
Mesa Diavates,Female,Island,Lakonisi,Male,Island,112
Mesa Diavates,Female,Island,Lakonisi,Male,Island,104
Mesa Diavates,Female,Island,Lakonisi,Male,Island,139
Mesa Diavates,Female,Island,Lakonisi,Male,Island,43
Mesa Diavates,Female,Island,Lakonisi,Male,Island,93
Mesa Diavates,Female,Island,Lakonisi,Male,Island,208
Mesa Diavates,Female,Island,Lakonisi,Male,Island,189
Mesa Diavates,Female,Island,Lakonisi,Male,Island,274
Mesa Diavates,Female,Island,Lakonisi,Male,Island,245
Mesa Diavates,Female,Island,Lakonisi,Male,Island,264
Mesa Diavates,Female,Island,Lakonisi,Male,Island,241
Mesa Diavates,Female,Island,Lakonisi,Male,Island,219
Mesa Diavates,Female,Island,Lakonisi,Male,Island,146
Mesa Diavates,Female,Island,Lakonisi,Male,Island,171
Mesa Diavates,Female,Island,Lakonisi,Male,Island,238
Mesa Diavates,Female,Island,Lakonisi,Male,Island,187
Mesa Diavates,Male,Island,Lakonisi,Female,Island,44
Mesa Diavates,Male,Island,Lakonisi,Female,Island,38
Mesa Diavates,Male,Island,Lakonisi,Female,Island,89
Mesa Diavates,Male,Island,Lakonisi,Female,Island,107
Mesa Diavates,Male,Island,Lakonisi,Female,Island,98
Mesa Diavates,Male,Island,Lakonisi,Female,Island,81
Mesa Diavates,Male,Island,Lakonisi,Female,Island,54
Mesa Diavates,Male,Island,Lakonisi,Female,Island,56
Mesa Diavates,Male,Island,Lakonisi,Female,Island,34
Mesa Diavates,Male,Island,Lakonisi,Female,Island,54
Mesa Diavates,Male,Island,Lakonisi,Female,Island,59
Mesa Diavates,Male,Island,Lakonisi,Female,Island,37
Mesa Diavates,Male,Island,Lakonisi,Female,Island,159
Mesa Diavates,Male,Island,Lakonisi,Female,Island,109
Mesa Diavates,Male,Island,Lakonisi,Female,Island,122
Mesa Diavates,Male,Island,Lakonisi,Female,Island,151
Mesa Diavates,Male,Island,Lakonisi,Female,Island,91
Mesa Diavates,Male,Island,Lakonisi,Female,Island,89
Mesa Diavates,Male,Island,Lakonisi,Female,Island,178
Mesa Diavates,Male,Island,Lakonisi,Female,Island,198
Mesa Diavates,Male,Island,Lakonisi,Female,Island,219
Mesa Diavates,Male,Island,Lakonisi,Female,Island,73
Mesa Diavates,Male,Island,Lakonisi,Female,Island,129
Mesa Diavates,Male,Island,Lakonisi,Female,Island,98
Mesa Diavates,Male,Island,Lakonisi,Female,Island,61
Mesa Diavates,Male,Island,Lakonisi,Female,Island,136
Mesa Diavates,Male,Island,Lakonisi,Female,Island,133
Mesa Diavates,Male,Island,Lakonisi,Female,Island,61
Mesa Diavates,Male,Island,Lakonisi,Female,Island,214
Mesa Diavates,Male,Island,Lakonisi,Female,Island,180
Mesa Diavates,Male,Island,Lakonisi,Female,Island,126
Mesa Diavates,Male,Island,Lakonisi,Female,Island,95
Mesa Diavates,Male,Island,Lakonisi,Female,Island,155
Mesa Diavates,Male,Island,Lakonisi,Female,Island,152
Mesa Diavates,Female,Island,Nyfi,Male,Mainland,116
Mesa Diavates,Female,Island,Nyfi,Male,Mainland,216
Mesa Diavates,Female,Island,Nyfi,Male,Mainland,108
Mesa Diavates,Female,Island,Nyfi,Male,Mainland,95
Mesa Diavates,Female,Island,Nyfi,Male,Mainland,98
Mesa Diavates,Female,Island,Nyfi,Male,Mainland,85
Mesa Diavates,Female,Island,Nyfi,Male,Mainland,98
Mesa Diavates,Female,Island,Nyfi,Male,Mainland,59
Mesa Diavates,Female,Island,Nyfi,Male,Mainland,137
Mesa Diavates,Female,Island,Nyfi,Male,Mainland,124
Mesa Diavates,Female,Island,Nyfi,Male,Mainland,131
Mesa Diavates,Female,Island,Nyfi,Male,Mainland,61
Mesa Diavates,Female,Island,Nyfi,Male,Mainland,83
Mesa Diavates,Female,Island,Nyfi,Male,Mainland,42
Mesa Diavates,Female,Island,Nyfi,Male,Mainland,111
Mesa Diavates,Female,Island,Nyfi,Male,Mainland,194
Mesa Diavates,Female,Island,Nyfi,Male,Mainland,235
Mesa Diavates,Female,Island,Nyfi,Male,Mainland,78
Mesa Diavates,Female,Island,Nyfi,Male,Mainland,410
Mesa Diavates,Female,Island,Nyfi,Male,Mainland,303
Mesa Diavates,Female,Island,Nyfi,Male,Mainland,188
Mesa Diavates,Female,Island,Nyfi,Male,Mainland,345
Mesa Diavates,Female,Island,Nyfi,Male,Mainland,351
Mesa Diavates,Female,Island,Nyfi,Male,Mainland,316
Mesa Diavates,Female,Island,Nyfi,Male,Mainland,0
Mesa Diavates,Male,Island,Nyfi,Female,Mainland,48
Mesa Diavates,Male,Island,Nyfi,Female,Mainland,106
Mesa Diavates,Male,Island,Nyfi,Female,Mainland,74
Mesa Diavates,Male,Island,Nyfi,Female,Mainland,50
Mesa Diavates,Male,Island,Nyfi,Female,Mainland,62
Mesa Diavates,Male,Island,Nyfi,Female,Mainland,83
Mesa Diavates,Male,Island,Nyfi,Female,Mainland,80
Mesa Diavates,Male,Island,Nyfi,Female,Mainland,76
Mesa Diavates,Male,Island,Nyfi,Female,Mainland,48
Mesa Diavates,Male,Island,Nyfi,Female,Mainland,98
Mesa Diavates,Male,Island,Nyfi,Female,Mainland,63
Mesa Diavates,Male,Island,Nyfi,Female,Mainland,27
Mesa Diavates,Male,Island,Nyfi,Female,Mainland,75
Mesa Diavates,Male,Island,Nyfi,Female,Mainland,64
Mesa Diavates,Male,Island,Nyfi,Female,Mainland,104
Mesa Diavates,Male,Island,Nyfi,Female,Mainland,83
Mesa Diavates,Male,Island,Nyfi,Female,Mainland,128
Mesa Diavates,Male,Island,Nyfi,Female,Mainland,174
Mesa Diavates,Male,Island,Nyfi,Female,Mainland,130
Mesa Diavates,Male,Island,Nyfi,Female,Mainland,105
Mesa Diavates,Male,Island,Nyfi,Female,Mainland,59
Mesa Diavates,Male,Island,Nyfi,Female,Mainland,77
Mesa Diavates,Male,Island,Nyfi,Female,Mainland,73
Mesa Diavates,Male,Island,Nyfi,Female,Mainland,87
Mesa Diavates,Male,Island,Nyfi,Female,Mainland,72
Lakonisi,Female,Island,Agios Fokas,Male,Mainland,100
Lakonisi,Female,Island,Agios Fokas,Male,Mainland,117
Lakonisi,Female,Island,Agios Fokas,Male,Mainland,112
Lakonisi,Female,Island,Agios Fokas,Male,Mainland,140
Lakonisi,Female,Island,Agios Fokas,Male,Mainland,73
Lakonisi,Female,Island,Agios Fokas,Male,Mainland,25
Lakonisi,Female,Island,Agios Fokas,Male,Mainland,116
Lakonisi,Female,Island,Agios Fokas,Male,Mainland,112
Lakonisi,Female,Island,Agios Fokas,Male,Mainland,165
Lakonisi,Female,Island,Agios Fokas,Male,Mainland,186
Lakonisi,Female,Island,Agios Fokas,Male,Mainland,163
Lakonisi,Female,Island,Agios Fokas,Male,Mainland,212
Lakonisi,Female,Island,Agios Fokas,Male,Mainland,131
Lakonisi,Female,Island,Agios Fokas,Male,Mainland,140
Lakonisi,Female,Island,Agios Fokas,Male,Mainland,180
Lakonisi,Female,Island,Agios Fokas,Male,Mainland,146
Lakonisi,Female,Island,Agios Fokas,Male,Mainland,74
Lakonisi,Female,Island,Agios Fokas,Male,Mainland,94
Lakonisi,Female,Island,Agios Fokas,Male,Mainland,109
Lakonisi,Female,Island,Agios Fokas,Male,Mainland,190
Lakonisi,Female,Island,Agios Fokas,Male,Mainland,88
Lakonisi,Male,Island,Agios Fokas,Female,Mainland,71
Lakonisi,Male,Island,Agios Fokas,Female,Mainland,60
Lakonisi,Male,Island,Agios Fokas,Female,Mainland,65
Lakonisi,Male,Island,Agios Fokas,Female,Mainland,70
Lakonisi,Male,Island,Agios Fokas,Female,Mainland,75
Lakonisi,Male,Island,Agios Fokas,Female,Mainland,58
Lakonisi,Male,Island,Agios Fokas,Female,Mainland,50
Lakonisi,Male,Island,Agios Fokas,Female,Mainland,115
Lakonisi,Male,Island,Agios Fokas,Female,Mainland,122
Lakonisi,Male,Island,Agios Fokas,Female,Mainland,63
Lakonisi,Male,Island,Agios Fokas,Female,Mainland,88
Lakonisi,Male,Island,Agios Fokas,Female,Mainland,105
Lakonisi,Male,Island,Agios Fokas,Female,Mainland,69
Lakonisi,Male,Island,Agios Fokas,Female,Mainland,85
Lakonisi,Male,Island,Agios Fokas,Female,Mainland,158
Lakonisi,Male,Island,Agios Fokas,Female,Mainland,139
Lakonisi,Male,Island,Agios Fokas,Female,Mainland,98
Lakonisi,Male,Island,Agios Fokas,Female,Mainland,92
Lakonisi,Male,Island,Agios Fokas,Female,Mainland,60
Lakonisi,Male,Island,Agios Fokas,Female,Mainland,193
Lakonisi,Female,Island,Mesa Diavates,Male,Island,180
Lakonisi,Female,Island,Mesa Diavates,Male,Island,109
Lakonisi,Female,Island,Mesa Diavates,Male,Island,260
Lakonisi,Female,Island,Mesa Diavates,Male,Island,244
Lakonisi,Female,Island,Mesa Diavates,Male,Island,129
Lakonisi,Female,Island,Mesa Diavates,Male,Island,107
Lakonisi,Female,Island,Mesa Diavates,Male,Island,142
Lakonisi,Female,Island,Mesa Diavates,Male,Island,145
Lakonisi,Female,Island,Mesa Diavates,Male,Island,89
Lakonisi,Female,Island,Mesa Diavates,Male,Island,143
Lakonisi,Female,Island,Mesa Diavates,Male,Island,163
Lakonisi,Female,Island,Mesa Diavates,Male,Island,335
Lakonisi,Female,Island,Mesa Diavates,Male,Island,318
Lakonisi,Female,Island,Mesa Diavates,Male,Island,273
Lakonisi,Female,Island,Mesa Diavates,Male,Island,237
Lakonisi,Female,Island,Mesa Diavates,Male,Island,264
Lakonisi,Female,Island,Mesa Diavates,Male,Island,209
Lakonisi,Female,Island,Mesa Diavates,Male,Island,347
Lakonisi,Female,Island,Mesa Diavates,Male,Island,312
Lakonisi,Female,Island,Mesa Diavates,Male,Island,144
Lakonisi,Female,Island,Mesa Diavates,Male,Island,223
Lakonisi,Male,Island,Mesa Diavates,Female,Island,153
Lakonisi,Male,Island,Mesa Diavates,Female,Island,103
Lakonisi,Male,Island,Mesa Diavates,Female,Island,181
Lakonisi,Male,Island,Mesa Diavates,Female,Island,183
Lakonisi,Male,Island,Mesa Diavates,Female,Island,110
Lakonisi,Male,Island,Mesa Diavates,Female,Island,108
Lakonisi,Male,Island,Mesa Diavates,Female,Island,103
Lakonisi,Male,Island,Mesa Diavates,Female,Island,82
Lakonisi,Male,Island,Mesa Diavates,Female,Island,27
Lakonisi,Male,Island,Mesa Diavates,Female,Island,67
Lakonisi,Male,Island,Mesa Diavates,Female,Island,86
Lakonisi,Male,Island,Mesa Diavates,Female,Island,194
Lakonisi,Male,Island,Mesa Diavates,Female,Island,54
Lakonisi,Male,Island,Mesa Diavates,Female,Island,24
Lakonisi,Male,Island,Mesa Diavates,Female,Island,79
Lakonisi,Male,Island,Mesa Diavates,Female,Island,91
Lakonisi,Male,Island,Mesa Diavates,Female,Island,105
Lakonisi,Male,Island,Mesa Diavates,Female,Island,92
Lakonisi,Male,Island,Mesa Diavates,Female,Island,118
Lakonisi,Male,Island,Mesa Diavates,Female,Island,51
Lakonisi,Female,Island,Lakonisi,Male,Island,95
Lakonisi,Female,Island,Lakonisi,Male,Island,112
Lakonisi,Female,Island,Lakonisi,Male,Island,68
Lakonisi,Female,Island,Lakonisi,Male,Island,107
Lakonisi,Female,Island,Lakonisi,Male,Island,29
Lakonisi,Female,Island,Lakonisi,Male,Island,91
Lakonisi,Female,Island,Lakonisi,Male,Island,198
Lakonisi,Female,Island,Lakonisi,Male,Island,77
Lakonisi,Female,Island,Lakonisi,Male,Island,37
Lakonisi,Female,Island,Lakonisi,Male,Island,21
Lakonisi,Female,Island,Lakonisi,Male,Island,113
Lakonisi,Female,Island,Lakonisi,Male,Island,58
Lakonisi,Female,Island,Lakonisi,Male,Island,176
Lakonisi,Female,Island,Lakonisi,Male,Island,117
Lakonisi,Female,Island,Lakonisi,Male,Island,129
Lakonisi,Female,Island,Lakonisi,Male,Island,174
Lakonisi,Female,Island,Lakonisi,Male,Island,83
Lakonisi,Female,Island,Lakonisi,Male,Island,128
Lakonisi,Female,Island,Lakonisi,Male,Island,275
Lakonisi,Female,Island,Lakonisi,Male,Island,107
Lakonisi,Female,Island,Lakonisi,Male,Island,123
Lakonisi,Female,Island,Lakonisi,Male,Island,201
Lakonisi,Female,Island,Lakonisi,Male,Island,161
Lakonisi,Female,Island,Lakonisi,Male,Mainland,97
Lakonisi,Male,Island,Lakonisi,Female,Island,186
Lakonisi,Male,Island,Lakonisi,Female,Island,151
Lakonisi,Male,Island,Lakonisi,Female,Island,156
Lakonisi,Male,Island,Lakonisi,Female,Island,32
Lakonisi,Male,Island,Lakonisi,Female,Island,62
Lakonisi,Male,Island,Lakonisi,Female,Island,171
Lakonisi,Male,Island,Lakonisi,Female,Island,223
Lakonisi,Male,Island,Lakonisi,Female,Island,298
Lakonisi,Male,Island,Lakonisi,Female,Island,182
Lakonisi,Male,Island,Lakonisi,Female,Island,183
Lakonisi,Male,Island,Lakonisi,Female,Island,232
Lakonisi,Male,Island,Lakonisi,Female,Island,34
Lakonisi,Male,Island,Lakonisi,Female,Island,150
Lakonisi,Male,Island,Lakonisi,Female,Island,129
Lakonisi,Male,Island,Lakonisi,Female,Island,213
Lakonisi,Female,Island,Nyfi,Male,Mainland,184
Lakonisi,Female,Island,Nyfi,Male,Mainland,152
Lakonisi,Female,Island,Nyfi,Male,Mainland,92
Lakonisi,Female,Island,Nyfi,Male,Mainland,103
Lakonisi,Female,Island,Nyfi,Male,Mainland,89
Lakonisi,Female,Island,Nyfi,Male,Mainland,99
Lakonisi,Female,Island,Nyfi,Male,Mainland,74
Lakonisi,Female,Island,Nyfi,Male,Mainland,97
Lakonisi,Female,Island,Nyfi,Male,Mainland,138
Lakonisi,Female,Island,Nyfi,Male,Mainland,216
Lakonisi,Female,Island,Nyfi,Male,Mainland,91
Lakonisi,Female,Island,Nyfi,Male,Mainland,66
Lakonisi,Female,Island,Nyfi,Male,Mainland,177
Lakonisi,Female,Island,Nyfi,Male,Mainland,195
Lakonisi,Female,Island,Nyfi,Male,Mainland,71
Lakonisi,Female,Island,Nyfi,Male,Mainland,182
Lakonisi,Female,Island,Nyfi,Male,Mainland,161
Lakonisi,Female,Island,Nyfi,Male,Mainland,203
Lakonisi,Female,Island,Nyfi,Male,Mainland,134
Lakonisi,Female,Island,Nyfi,Male,Mainland,169
Lakonisi,Female,Island,Nyfi,Male,Mainland,168
Lakonisi,Female,Island,Nyfi,Male,Mainland,162
Lakonisi,Female,Island,Nyfi,Male,Mainland,194
Lakonisi,Female,Island,Nyfi,Male,Mainland,184
Lakonisi,Male,Island,Nyfi,Female,Mainland,45
Lakonisi,Male,Island,Nyfi,Female,Mainland,102
Lakonisi,Male,Island,Nyfi,Female,Mainland,58
Lakonisi,Male,Island,Nyfi,Female,Mainland,162
Lakonisi,Male,Island,Nyfi,Female,Mainland,62
Lakonisi,Male,Island,Nyfi,Female,Mainland,71
Lakonisi,Male,Island,Nyfi,Female,Mainland,63
Lakonisi,Male,Island,Nyfi,Female,Mainland,97
Lakonisi,Male,Island,Nyfi,Female,Mainland,54
Lakonisi,Male,Island,Nyfi,Female,Mainland,76
Lakonisi,Male,Island,Nyfi,Female,Mainland,65
Lakonisi,Male,Island,Nyfi,Female,Mainland,57
Lakonisi,Male,Island,Nyfi,Female,Mainland,107
Lakonisi,Male,Island,Nyfi,Female,Mainland,93
Lakonisi,Male,Island,Nyfi,Female,Mainland,41
Lakonisi,Male,Island,Nyfi,Female,Mainland,53
Lakonisi,Male,Island,Nyfi,Female,Mainland,72
Lakonisi,Male,Island,Nyfi,Female,Mainland,66
Lakonisi,Male,Island,Nyfi,Female,Mainland,56
Lakonisi,Male,Island,Nyfi,Female,Mainland,122
Lakonisi,Male,Island,Nyfi,Female,Mainland,74
Nyfi,Female,Mainland,Agios Fokas,Male,Mainland,89
Nyfi,Female,Mainland,Agios Fokas,Male,Mainland,148
Nyfi,Female,Mainland,Agios Fokas,Male,Mainland,153
Nyfi,Female,Mainland,Agios Fokas,Male,Mainland,114
Nyfi,Female,Mainland,Agios Fokas,Male,Mainland,60
Nyfi,Female,Mainland,Agios Fokas,Male,Mainland,97
Nyfi,Female,Mainland,Agios Fokas,Male,Mainland,70
Nyfi,Female,Mainland,Agios Fokas,Male,Mainland,31
Nyfi,Female,Mainland,Agios Fokas,Male,Mainland,52
Nyfi,Female,Mainland,Agios Fokas,Male,Mainland,98
Nyfi,Female,Mainland,Agios Fokas,Male,Mainland,115
Nyfi,Female,Mainland,Agios Fokas,Male,Mainland,97
Nyfi,Female,Mainland,Agios Fokas,Male,Mainland,0
Nyfi,Female,Mainland,Agios Fokas,Male,Mainland,47
Nyfi,Female,Mainland,Agios Fokas,Male,Mainland,80
Nyfi,Female,Mainland,Agios Fokas,Male,Mainland,119
Nyfi,Female,Mainland,Agios Fokas,Male,Mainland,100
Nyfi,Female,Mainland,Agios Fokas,Male,Mainland,160
Nyfi,Female,Mainland,Agios Fokas,Male,Mainland,121
Nyfi,Female,Mainland,Agios Fokas,Male,Mainland,109
Nyfi,Female,Mainland,Agios Fokas,Male,Mainland,102
Nyfi,Female,Mainland,Agios Fokas,Male,Mainland,135
Nyfi,Female,Mainland,Agios Fokas,Male,Mainland,53
Nyfi,Female,Mainland,Agios Fokas,Male,Mainland,96
Nyfi,Female,Mainland,Agios Fokas,Male,Mainland,57
Nyfi,Female,Mainland,Agios Fokas,Male,Mainland,41
Nyfi,Female,Mainland,Agios Fokas,Male,Mainland,34
Nyfi,Female,Mainland,Agios Fokas,Male,Mainland,82
Nyfi,Female,Mainland,Agios Fokas,Male,Mainland,61
Nyfi,Female,Mainland,Agios Fokas,Male,Mainland,91
Nyfi,Female,Mainland,Agios Fokas,Male,Mainland,172
Nyfi,Female,Mainland,Agios Fokas,Male,Mainland,58
Nyfi,Female,Mainland,Agios Fokas,Male,Mainland,161
Nyfi,Female,Mainland,Agios Fokas,Male,Mainland,206
Nyfi,Female,Mainland,Agios Fokas,Male,Mainland,236
Nyfi,Female,Mainland,Agios Fokas,Male,Mainland,236
Nyfi,Female,Mainland,Agios Fokas,Male,Mainland,221
Nyfi,Female,Mainland,Agios Fokas,Male,Mainland,461
Nyfi,Female,Mainland,Agios Fokas,Male,Mainland,185
Nyfi,Female,Mainland,Agios Fokas,Male,Mainland,205
Nyfi,Female,Mainland,Agios Fokas,Male,Mainland,277
Nyfi,Female,Mainland,Agios Fokas,Male,Mainland,154
Nyfi,Female,Mainland,Agios Fokas,Male,Mainland,223
Nyfi,Female,Mainland,Agios Fokas,Male,Mainland,183
Nyfi,Female,Mainland,Agios Fokas,Male,Mainland,135
Nyfi,Female,Mainland,Agios Fokas,Male,Mainland,148
Nyfi,Male,Mainland,Agios Fokas,Female,Mainland,63
Nyfi,Male,Mainland,Agios Fokas,Female,Mainland,48
Nyfi,Male,Mainland,Agios Fokas,Female,Mainland,86
Nyfi,Male,Mainland,Agios Fokas,Female,Mainland,67
Nyfi,Male,Mainland,Agios Fokas,Female,Mainland,97
Nyfi,Male,Mainland,Agios Fokas,Female,Mainland,80
Nyfi,Male,Mainland,Agios Fokas,Female,Mainland,57
Nyfi,Male,Mainland,Agios Fokas,Female,Mainland,54
Nyfi,Male,Mainland,Agios Fokas,Female,Mainland,60
Nyfi,Male,Mainland,Agios Fokas,Female,Mainland,76
Nyfi,Male,Mainland,Agios Fokas,Female,Mainland,49
Nyfi,Male,Mainland,Agios Fokas,Female,Mainland,65
Nyfi,Male,Mainland,Agios Fokas,Female,Mainland,74
Nyfi,Male,Mainland,Agios Fokas,Female,Mainland,51
Nyfi,Male,Mainland,Agios Fokas,Female,Mainland,92
Nyfi,Male,Mainland,Agios Fokas,Female,Mainland,120
Nyfi,Male,Mainland,Agios Fokas,Female,Mainland,67
Nyfi,Male,Mainland,Agios Fokas,Female,Mainland,25
Nyfi,Male,Mainland,Agios Fokas,Female,Mainland,90
Nyfi,Male,Mainland,Agios Fokas,Female,Mainland,69
Nyfi,Male,Mainland,Agios Fokas,Female,Mainland,51
Nyfi,Male,Mainland,Agios Fokas,Female,Mainland,67
Nyfi,Male,Mainland,Agios Fokas,Female,Mainland,44
Nyfi,Male,Mainland,Agios Fokas,Female,Mainland,107
Nyfi,Male,Mainland,Agios Fokas,Female,Mainland,55
Nyfi,Male,Mainland,Agios Fokas,Female,Mainland,10
Nyfi,Male,Mainland,Agios Fokas,Female,Mainland,62
Nyfi,Male,Mainland,Agios Fokas,Female,Mainland,125
Nyfi,Male,Mainland,Agios Fokas,Female,Mainland,86
Nyfi,Male,Mainland,Agios Fokas,Female,Mainland,113
Nyfi,Male,Mainland,Agios Fokas,Female,Mainland,92
Nyfi,Male,Mainland,Agios Fokas,Female,Mainland,49
Nyfi,Male,Mainland,Agios Fokas,Female,Mainland,15
Nyfi,Male,Mainland,Agios Fokas,Female,Mainland,21
Nyfi,Male,Mainland,Agios Fokas,Female,Mainland,65
Nyfi,Male,Mainland,Agios Fokas,Female,Mainland,26
Nyfi,Male,Mainland,Agios Fokas,Female,Mainland,125
Nyfi,Male,Mainland,Agios Fokas,Female,Mainland,78
Nyfi,Male,Mainland,Agios Fokas,Female,Mainland,98
Nyfi,Male,Mainland,Agios Fokas,Female,Mainland,98
Nyfi,Male,Mainland,Agios Fokas,Female,Mainland,78
Nyfi,Male,Mainland,Agios Fokas,Female,Mainland,70
Nyfi,Male,Mainland,Agios Fokas,Female,Mainland,70
Nyfi,Female,Mainland,Mesa Diavates,Male,Island,72
Nyfi,Female,Mainland,Mesa Diavates,Male,Island,11
Nyfi,Female,Mainland,Mesa Diavates,Male,Island,111
Nyfi,Female,Mainland,Mesa Diavates,Male,Island,85
Nyfi,Female,Mainland,Mesa Diavates,Male,Island,15
Nyfi,Female,Mainland,Mesa Diavates,Male,Island,183
Nyfi,Female,Mainland,Mesa Diavates,Male,Island,84
Nyfi,Female,Mainland,Mesa Diavates,Male,Island,107
Nyfi,Female,Mainland,Mesa Diavates,Male,Island,3
Nyfi,Female,Mainland,Mesa Diavates,Male,Island,13
Nyfi,Female,Mainland,Mesa Diavates,Male,Island,45
Nyfi,Female,Mainland,Mesa Diavates,Male,Island,41
Nyfi,Female,Mainland,Mesa Diavates,Male,Island,68
Nyfi,Male,Mainland,Mesa Diavates,Female,Island,32
Nyfi,Male,Mainland,Mesa Diavates,Female,Island,66
Nyfi,Male,Mainland,Mesa Diavates,Female,Island,45
Nyfi,Male,Mainland,Mesa Diavates,Female,Island,76
Nyfi,Male,Mainland,Mesa Diavates,Female,Island,89
Nyfi,Male,Mainland,Mesa Diavates,Female,Island,73
Nyfi,Male,Mainland,Mesa Diavates,Female,Island,62
Nyfi,Male,Mainland,Mesa Diavates,Female,Island,30
Nyfi,Male,Mainland,Mesa Diavates,Female,Island,100
Nyfi,Male,Mainland,Mesa Diavates,Female,Island,31
Nyfi,Male,Mainland,Mesa Diavates,Female,Island,66
Nyfi,Male,Mainland,Mesa Diavates,Female,Island,51
Nyfi,Male,Mainland,Mesa Diavates,Female,Island,54
Nyfi,Male,Mainland,Mesa Diavates,Female,Island,105
Nyfi,Male,Mainland,Mesa Diavates,Female,Island,108
Nyfi,Male,Mainland,Mesa Diavates,Female,Island,120
Nyfi,Male,Mainland,Mesa Diavates,Female,Island,169
Nyfi,Male,Mainland,Mesa Diavates,Female,Island,68
Nyfi,Male,Mainland,Mesa Diavates,Female,Island,68
Nyfi,Female,Mainland,Lakonisi,Male,Island,76
Nyfi,Female,Mainland,Lakonisi,Male,Island,74
Nyfi,Female,Mainland,Lakonisi,Male,Island,91
Nyfi,Female,Mainland,Lakonisi,Male,Island,107
Nyfi,Female,Mainland,Lakonisi,Male,Island,45
Nyfi,Female,Mainland,Lakonisi,Male,Island,64
Nyfi,Female,Mainland,Lakonisi,Male,Island,121
Nyfi,Female,Mainland,Lakonisi,Male,Island,47
Nyfi,Female,Mainland,Lakonisi,Male,Island,74
Nyfi,Female,Mainland,Lakonisi,Male,Island,57
Nyfi,Female,Mainland,Lakonisi,Male,Island,92
Nyfi,Female,Mainland,Lakonisi,Male,Island,164
Nyfi,Female,Mainland,Lakonisi,Male,Island,196
Nyfi,Female,Mainland,Lakonisi,Male,Island,201
Nyfi,Female,Mainland,Lakonisi,Male,Island,92
Nyfi,Female,Mainland,Lakonisi,Male,Island,159
Nyfi,Female,Mainland,Lakonisi,Male,Island,158
Nyfi,Female,Mainland,Lakonisi,Male,Island,241
Nyfi,Female,Mainland,Lakonisi,Male,Island,63
Nyfi,Female,Mainland,Lakonisi,Male,Island,157
Nyfi,Male,Mainland,Lakonisi,Female,Island,40
Nyfi,Male,Mainland,Lakonisi,Female,Island,59
Nyfi,Male,Mainland,Lakonisi,Female,Island,73
Nyfi,Male,Mainland,Lakonisi,Female,Island,69
Nyfi,Male,Mainland,Lakonisi,Female,Island,38
Nyfi,Male,Mainland,Lakonisi,Female,Island,73
Nyfi,Male,Mainland,Lakonisi,Female,Island,42
Nyfi,Male,Mainland,Lakonisi,Female,Island,39
Nyfi,Male,Mainland,Lakonisi,Female,Island,58
Nyfi,Male,Mainland,Lakonisi,Female,Island,74
Nyfi,Male,Mainland,Lakonisi,Female,Island,55
Nyfi,Male,Mainland,Lakonisi,Female,Island,116
Nyfi,Male,Mainland,Lakonisi,Female,Island,97
Nyfi,Male,Mainland,Lakonisi,Female,Island,88
Nyfi,Male,Mainland,Lakonisi,Female,Island,163
Nyfi,Male,Mainland,Lakonisi,Female,Island,93
Nyfi,Male,Mainland,Lakonisi,Female,Island,127
Nyfi,Male,Mainland,Lakonisi,Female,Island,81
Nyfi,Male,Mainland,Lakonisi,Female,Island,136
Nyfi,Male,Mainland,Lakonisi,Female,Island,91
Nyfi,Male,Mainland,Lakonisi,Female,Island,78
Nyfi,Male,Mainland,Lakonisi,Female,Island,102
Nyfi,Male,Mainland,Lakonisi,Female,Island,143
Nyfi,Male,Mainland,Lakonisi,Female,Island,175
Nyfi,Female,Mainland,Nyfi,Male,Mainland,97
Nyfi,Female,Mainland,Nyfi,Male,Mainland,204
Nyfi,Female,Mainland,Nyfi,Male,Mainland,105
Nyfi,Female,Mainland,Nyfi,Male,Mainland,44
Nyfi,Female,Mainland,Nyfi,Male,Mainland,93
Nyfi,Female,Mainland,Nyfi,Male,Mainland,89
Nyfi,Female,Mainland,Nyfi,Male,Mainland,158
Nyfi,Female,Mainland,Nyfi,Male,Mainland,157
Nyfi,Female,Mainland,Nyfi,Male,Mainland,89
Nyfi,Female,Mainland,Nyfi,Male,Mainland,107
Nyfi,Female,Mainland,Nyfi,Male,Mainland,92
Nyfi,Female,Mainland,Nyfi,Male,Mainland,104
Nyfi,Female,Mainland,Nyfi,Male,Mainland,153
Nyfi,Female,Mainland,Nyfi,Male,Mainland,98
Nyfi,Female,Mainland,Nyfi,Male,Mainland,83
Nyfi,Female,Mainland,Nyfi,Male,Mainland,60
Nyfi,Female,Mainland,Nyfi,Male,Mainland,0
Nyfi,Female,Mainland,Nyfi,Male,Mainland,130
Nyfi,Female,Mainland,Nyfi,Male,Mainland,30
Nyfi,Female,Mainland,Nyfi,Male,Mainland,30
Nyfi,Female,Mainland,Nyfi,Male,Mainland,107
Nyfi,Female,Mainland,Nyfi,Male,Mainland,110
Nyfi,Female,Mainland,Nyfi,Male,Mainland,74
Nyfi,Female,Mainland,Nyfi,Male,Mainland,120
Nyfi,Female,Mainland,Nyfi,Male,Mainland,51
Nyfi,Female,Mainland,Nyfi,Male,Mainland,154
Nyfi,Female,Mainland,Nyfi,Male,Mainland,110
Nyfi,Female,Mainland,Nyfi,Male,Mainland,114
Nyfi,Female,Mainland,Nyfi,Male,Mainland,145
Nyfi,Female,Mainland,Nyfi,Male,Mainland,273
Nyfi,Female,Mainland,Nyfi,Male,Mainland,129
Nyfi,Female,Mainland,Nyfi,Male,Mainland,153
Nyfi,Female,Mainland,Nyfi,Male,Mainland,210
Nyfi,Female,Mainland,Nyfi,Male,Mainland,178
Nyfi,Female,Mainland,Nyfi,Male,Mainland,239
Nyfi,Female,Mainland,Nyfi,Male,Mainland,141
Nyfi,Female,Mainland,Nyfi,Male,Mainland,140
Nyfi,Female,Mainland,Nyfi,Male,Mainland,369
Nyfi,Female,Mainland,Nyfi,Male,Mainland,112
Nyfi,Female,Mainland,Nyfi,Male,Mainland,224
Nyfi,Female,Mainland,Nyfi,Male,Mainland,176
Nyfi,Female,Mainland,Nyfi,Male,Mainland,191
Nyfi,Female,Mainland,Nyfi,Male,Mainland,159
Nyfi,Female,Mainland,Nyfi,Male,Mainland,221
Nyfi,Female,Mainland,Nyfi,Male,Mainland,137
Nyfi,Female,Mainland,Nyfi,Male,Mainland,157
Nyfi,Female,Mainland,Nyfi,Male,Mainland,126
Nyfi,Female,Mainland,Nyfi,Male,Mainland,172
Nyfi,Female,Mainland,Nyfi,Male,Mainland,138
Nyfi,Female,Mainland,Nyfi,Male,Mainland,74
Nyfi,Female,Mainland,Nyfi,Male,Mainland,112
Nyfi,Female,Mainland,Nyfi,Male,Mainland,112
Nyfi,Male,Mainland,Nyfi,Female,Mainland,65
Nyfi,Male,Mainland,Nyfi,Female,Mainland,45
Nyfi,Male,Mainland,Nyfi,Female,Mainland,57
Nyfi,Male,Mainland,Nyfi,Female,Mainland,55
Nyfi,Male,Mainland,Nyfi,Female,Mainland,126
Nyfi,Male,Mainland,Nyfi,Female,Mainland,136
Nyfi,Male,Mainland,Nyfi,Female,Mainland,52
Nyfi,Male,Mainland,Nyfi,Female,Mainland,63
Nyfi,Male,Mainland,Nyfi,Female,Mainland,138
Nyfi,Male,Mainland,Nyfi,Female,Mainland,85
Nyfi,Male,Mainland,Nyfi,Female,Mainland,65
Nyfi,Male,Mainland,Nyfi,Female,Mainland,62
Nyfi,Male,Mainland,Nyfi,Female,Mainland,78
Nyfi,Male,Mainland,Nyfi,Female,Mainland,66
Nyfi,Male,Mainland,Nyfi,Female,Mainland,58
Nyfi,Male,Mainland,Nyfi,Female,Mainland,93
Nyfi,Male,Mainland,Nyfi,Female,Mainland,111
Nyfi,Male,Mainland,Nyfi,Female,Mainland,210
Nyfi,Male,Mainland,Nyfi,Female,Mainland,91
Nyfi,Male,Mainland,Nyfi,Female,Mainland,49
Nyfi,Male,Mainland,Nyfi,Female,Mainland,87
Nyfi,Male,Mainland,Nyfi,Female,Mainland,47
Nyfi,Male,Mainland,Nyfi,Female,Mainland,122
Nyfi,Male,Mainland,Nyfi,Female,Mainland,120
Nyfi,Male,Mainland,Nyfi,Female,Mainland,138
Nyfi,Male,Mainland,Nyfi,Female,Mainland,182
Nyfi,Male,Mainland,Nyfi,Female,Mainland,128
Nyfi,Male,Mainland,Nyfi,Female,Mainland,148
Nyfi,Male,Mainland,Nyfi,Female,Mainland,127
Nyfi,Male,Mainland,Nyfi,Female,Mainland,245
Nyfi,Male,Mainland,Nyfi,Female,Mainland,171
Nyfi,Male,Mainland,Nyfi,Female,Mainland,71
Nyfi,Male,Mainland,Nyfi,Female,Mainland,85
Nyfi,Male,Mainland,Nyfi,Female,Mainland,29
Nyfi,Male,Mainland,Nyfi,Female,Mainland,60
Nyfi,Male,Mainland,Nyfi,Female,Mainland,68
Nyfi,Male,Mainland,Nyfi,Female,Mainland,96
Nyfi,Male,Mainland,Nyfi,Female,Mainland,179
Nyfi,Male,Mainland,Nyfi,Female,Mainland,196
Nyfi,Male,Mainland,Nyfi,Female,Mainland,106
Nyfi,Male,Mainland,Nyfi,Female,Mainland,127
Nyfi,Male,Mainland,Nyfi,Female,Mainland,63
Nyfi,Male,Mainland,Nyfi,Female,Mainland,58
P taurica,Female,Control species,Agios Fokas,Male,Mainland,39
P taurica,Female,Control species,Agios Fokas,Male,Mainland,60
P taurica,Male,Control species,Agios Fokas,Female,Mainland,56
P taurica,Male,Control species,Agios Fokas,Female,Mainland,40
P taurica,Female,Control species,Nyfi,Male,Mainland,42
P taurica,Female,Control species,Nyfi,Male,Mainland,72
P taurica,Male,Control species,Nyfi,Female,Mainland,65
P taurica,Male,Control species,Nyfi,Female,Mainland,38